INSERT INTO Employees (idEmployee, surname, Name_, birth, phoneNumber, bankCard) 
VALUES 
    ('8291381', 'Smith', 'John', '1990-05-01', 123456789, 987654321),
    ('9382102', 'Johnson', 'Emily', '1993-08-14', 234567890, 876543210),
    ('7926513', 'Garcia', 'Maria', '1988-03-21', 345678901, 765432109),
    ('1763458', 'Davis', 'Robert', '1991-12-07', 456789012, 654321098),
    ('3217856', 'Martinez', 'Ana', '1985-07-30', 567890123, 543210987),
    ('4387921', 'Miller', 'David', '1992-02-17', 678901234, 432109876),
    ('9187264', 'Wilson', 'Karen', '1989-09-25', 789012345, 321098765),
    ('5734892', 'Anderson', 'Michael', '1994-06-11', 890123456, 210987654),
    ('2367891', 'Thomas', 'Jessica', '1987-01-27', 901234567, 109876543),
    ('8276341', 'Wilson', 'David', '1995-04-20', 789012345, 987654321),
    ('7643982', 'Garcia', 'Ana', '1990-05-01', 123456789, 987654321),
    ('3481209', 'Johnson', 'James', '1993-08-14', 234567890, 876543210),
    ('1234567', 'Smith', 'Emma', '1988-03-21', 345678901, 765432109),
    ('8901234', 'Anderson', 'Sophia', '1991-12-07', 456789012, 654321098),
    ('5678901', 'Thomas', 'William', '1985-07-30', 567890123, 543210987),
    ('3456789', 'Martinez', 'Olivia', '1992-02-17', 678901234, 432109876),
    ('2109876', 'Miller', 'Benjamin', '1989-09-25', 789012345, 321098765),
    ('9012345', 'Wilson', 'Charlotte', '1994-06-11', 890123456, 210987654),
    ('8765432', 'Garcia', 'Isabella', '1987-01-27', 901234567, 109876543),
    ('7382901', 'Davis', 'Ethan', '1995-04-20', 789012345, 987654321);

    INSERT INTO Passwords (idEmployee, login_, password_, adminCheck) VALUES
    ('8291381', 'jsmith1', 'wyr12d', 1),
    ('9382102', 'amil2ler', '98bhy7', 1),
    ('7926513', 'dgon4zalez', '0kjn76', 1),
    ('1763458', 'bsmi5th', '23o4c9', 0),
    ('3217856', 'wjo5nes', 'e7h5r2', 0),
    ('4387921', 'ama2rtinez', '7g62k4', 0),
    ('9187264', 'ljohn7son', '9d72v3', 0),
    ('5734892', 'jjohn3son', 'pwo53m', 0),
    ('2367891', 'tl32ee', '47jhu6', 0),
    ('8276341', 'jwa77ng', '8dn2g7', 0),
    ('7643982', 'emar2tinez', 'fy83n4', 0),
    ('3481209', 'nle9e', '4m2h7s', 0),
    ('1234567', 'jsm8ith', 'q45n9s', 0),
    ('8901234', 'ami9ller', '8v3k6f', 0),
    ('5678901', 'dgon2zalez', '2s9n7t', 0),
    ('3456789', 'bsm9ith', 'd4y3n6', 0),
    ('2109876', 'wjo0nes', 'h6f2s9', 0),
    ('9012345', 'amar7tinez', '5v7b1c', 0),
    ('8765432', 'ljoh2nson', 'r2n9d7', 0),
    ('7382901', 'jjoh22nson', '3y9h2n', 0);

    INSERT INTO `Admins`(idEmployee, monthSalary)VALUES
    ('8291381', 250),
    ('9382102', 179),
    ('7926513', 220);


ALTER TABLE Couriers AUTO_INCREMENT = 1;

    INSERT INTO `Couriers`(idEmployee, courierAdminID) VALUES
    ('1763458', '1'),
    ('3217856', '1'),
    ('4387921', '1'),
    ('9187264', '1'),
    ('5734892', '1'),
    ('2367891', '1'),
    ('8276341', '1'),
    ('7643982', '2'),
    ('3481209', '2'),
    ('1234567', '2'),
    ('8901234', '2'),
    ('5678901', '2'),
    ('3456789', '2'),
    ('2109876', '2'),
    ('9012345', '3'),
    ('8765432', '3'),
    ('7382901', '3');

INSERT INTO Orders (idCourier, deliveryStart, destinationCoord, deliveryEnd, deliveryCost, clientPhone, clientName, deliveryActuality, orderName, orderDescription) VALUES
(1, '2023-05-10 14:30:00', '50.450100, 30.523400', '2023-05-10 14:43:00', 105.00, '+380991234567', 'Іван',  0, 'Піца', 'Доставити до дверей'),
(2, '2023-05-12 12:15:00', '50.444300, 30.505000', '2023-05-12 12:37:00', 70.00, '+380971234567', 'Петро',  0, 'Суші', 'Додатково: соєвий соус, імбир. Доставити до офісу'),
(3, '2023-05-13 18:00:00', '50.447800, 30.524900', '2023-05-13 18:28:00', 92.50, '+380961234567', 'Марія',  0, 'Шаурма', 'Додатково: гірчиця, кетчуп, капуста. Здійснити доставку в будинок'),
(4, '2023-05-09 13:45:00', '50.434400, 30.515000', '2023-05-09 13:57:00', 80.00, '+380931234567', 'Олексій',  0, 'Хот-дог', 'Додатково: кетчуп, гірчиця, цибуля. Доставити до дверей'),
(5, '2023-05-04 19:30:00', '50.450500, 30.508400', '2023-05-04 20:03:00', 115.00, '+380971234567', 'Максим',  0, 'Салат', 'Доставити до офісу'),
(6, '2023-05-02 11:00:00', '50.447700, 30.517500', '2023-05-02 11:20:00', 68.00, '+380991234567', 'Оксана',  0, 'Кнедлі', 'Доставити до будинку'),
(7, '2023-05-12 16:20:00', '50.448500, 30.509600', '2023-05-12 16:43:00', 90.00, '+380961234567', 'Юлія',  0, 'Плов', 'Додатково: з розмарином та сухофруктами. Доставити до дверей'),
(8, '2023-05-03 12:30:00', '50.456789, 30.123456', '2023-05-03 12:57:00', 150.00, '+380987654321', 'Іван',  0, 'Бургер', 'Доставити швидко, плачу додаткові чайові'),
(9, '2023-05-01 13:00:00', '50.432156, 30.521489', '2023-05-01 13:22:00', 80.00, '+380986543210', 'Петро',  0, 'Піца', 'Додайте соус часниковий та кетчуп'),
(10, '2023-05-07 14:00:00', '50.402356, 30.695847', '2023-05-07 14:32:00', 250.00, '+380995678901', 'Марія',  0, 'Суші', 'Замовлення для офісу, не забудьте прибори'),
(11, '2023-05-04 16:00:00', '50.463219, 30.572156', '2023-05-04 16:18:00', 120.00, '+380997654321', 'Олександр',  0, 'Хот-дог', 'Додайте гірчицю та кетчуп, будь ласка'),
(12, '2023-05-03 17:30:00', '50.421376, 30.521478', '2023-05-03 17:21:00', 50.00, '+380995432109', 'Ірина',  0, 'Картопля фрі', 'Не соліть, будь ласка'),
(13, '2023-05-01 18:00:00', '50.468127, 30.462835', '2023-05-01 18:19:00', 90.00, '+380987456321', 'Андрій',  0, 'Салат Цезар', 'Додайте хрусткі крутони та соус Цезар'),
(14, '2023-05-05 19:00:00', '50.389765, 30.513467', '2023-05-05 19:17:00', 200.00, '+380985678901', 'Олена',  0, 'Стейк', 'Рівень прожарки - середній'),
(15, '2023-05-09 20:30:00', '50.448327, 30.516789', '2023-05-09 20:48:00', 70.00, '+380998765432', 'Володимир',  0, 'Суп Місо', 'Без рису, будь ласка'),
(16, '2023-05-02 14:45:00', '50.439320, 30.515980', '2023-05-02 15:07:00', 65.00, '+380971234567', 'Анна',  0, 'Бутерброд', 'Доставити до офісу'),
(17, '2023-05-04 16:00:00', '50.449760, 30.520101', '2023-05-04 16:32:00', 80.00, '+380991234567', 'Олександра',  0, 'Роли', 'Додатково: імбир, соєвий соус. Доставити до будинку'),
(4, '2023-05-07 19:15:00', '50.452330, 30.513610', '2023-05-07 19:32:00', 55.00, '+380931234567', 'Ігор', 0, 'Паста', 'Додатково: сир Пармезан. Доставити до дверей'),
(5, '2023-05-09 20:30:00', '50.455300, 30.515690', '2023-05-09 21:07:00', 110.00, '+380971234567', 'Віктор',  0, 'Суп', 'Доставити до офісу'),
(6, '2023-05-02 13:30:00', '50.441430, 30.525990', '2023-05-02 14:02:00', 75.00, '+380961234567', 'Наталія',  0, 'Піца', 'Додатково: гостра паприка, цибуля. Доставити до будинку'),
(7, '2023-05-03 15:15:00', '50.438720, 30.519890', '2023-05-03 15:39:00', 95.00, '+380931234567', 'Андрій',  0, 'Салат', 'Доставити до дверей'),
(8, '2023-05-03 11:45:00', '50.450470, 30.520901', '2023-05-03 12:01:00', 50.00, '+380971234567', 'Ольга',  0, 'Хліб', 'Доставити до будинку'),
(9, '2023-05-02 17:00:00', '50.446210, 30.520300', '2023-05-02 17:38:00', 85.00, '+380961234567', 'Тетяна',  0, 'Шаурма', 'Додатково: сир, кетчуп.');

INSERT INTO Orders (deliveryStart, destinationCoord, deliveryEnd, deliveryCost, clientPhone, clientName, deliveryActuality, orderName, orderDescription) VALUES
('2023-05-17 15:45:00', '50.460987, 30.506732', NULL, 85.00, '+380994567890', 'Анна', 1, 'Паста', 'Доставити до будинку'),
('2023-05-17 17:15:00', '50.441267, 30.529874', NULL, 110.00, '+380997654321', 'Олексій', 1, 'Борщ', 'Додатково: сметана, часникові грізки. Доставити до дверей'),
('2023-05-17 19:30:00', '50.453219, 30.517890', NULL, 70.00, '+380991234567', 'Марина', 1, 'Салат Грецький', 'Без оливок, будь ласка');

